Column;fechanacimientohijomenor;Completeness;0.0
Column;fechanacimientohijomenor;ApproxCountDistinct;0.0
Column;sexo;PatternMatch;0.0
Column;fechainvalidez;Completeness;0.06558267828937978
Column;fechainvalidez;ApproxCountDistinct;6950.0
Column;fechafallecimiento;Completeness;0.20336524514070206
Column;fechafallecimiento;ApproxCountDistinct;10731.0
Column;fechanacimiento;Completeness;0.9998526438909381
Column;fechanacimiento;ApproxCountDistinct;31690.0
Column;numorden;Completeness;1.0
Column;numorden;ApproxCountDistinct;16.0
Column;numpoliza;Completeness;0.89690598219754
Column;numpoliza;ApproxCountDistinct;84772.0
Column;relacionhijomadre;Completeness;0.9999907902431836
Column;relacionhijomadre;ApproxCountDistinct;17.0
Column;derechopension;Completeness;0.9999815804863672
Column;derechopension;ApproxCountDistinct;3.0
Column;dvrutbeneficiario;Completeness;1.0
Column;dvrutbeneficiario;ApproxCountDistinct;14.0
Column;apellidopaterno;Completeness;1.0
Column;apellidopaterno;ApproxCountDistinct;19645.0
Column;tipobeneficiario;Completeness;0.9999723707295509
Column;tipobeneficiario;ApproxCountDistinct;7.0
Dataset;*;Size;217161.0
Column;apellidomaterno;Completeness;0.9999953951215919
Column;apellidomaterno;ApproxCountDistinct;18238.0
Column;rutbeneficiario;Completeness;0.9998111999852644
Column;rutbeneficiario;ApproxCountDistinct;198819.0
Column;requisitopension;Completeness;1.0
Column;requisitopension;ApproxCountDistinct;4.0
Column;derechoacrecer;Completeness;1.0
Column;derechoacrecer;ApproxCountDistinct;3.0
Column;situacioninvalidez;Completeness;1.0
Column;situacioninvalidez;ApproxCountDistinct;6.0
Column;pensionpersona;Completeness;1.0
Column;pensionpersona;ApproxCountDistinct;10936.0
Column;sexo;Completeness;0.9999953951215919
Column;sexo;ApproxCountDistinct;6.0
