Review Check;Error;Error;ComplianceConstraint(Compliance(rutbeneficiario is non-negative,COALESCE(CAST(rutbeneficiario AS DECIMAL(20,10)), 0.0) >= 0,None));Success;""
Review Check;Error;Error;ComplianceConstraint(Compliance(pensionpersona is non-negative,COALESCE(CAST(pensionpersona AS DECIMAL(20,10)), 0.0) >= 0,None));Success;""
Review Check;Error;Error;ComplianceConstraint(Compliance(relacionhijomadre is non-negative,COALESCE(CAST(relacionhijomadre AS DECIMAL(20,10)), 0.0) >= 0,None));Success;""
Review Check;Error;Error;ComplianceConstraint(Compliance(numpoliza is non-negative,COALESCE(CAST(numpoliza AS DECIMAL(20,10)), 0.0) >= 0,None));Success;""
Review Check;Error;Error;ComplianceConstraint(Compliance(numorden is non-negative,COALESCE(CAST(numorden AS DECIMAL(20,10)), 0.0) >= 0,None));Success;""
Review Check;Error;Error;ComplianceConstraint(Compliance(situacioninvalidez contained in N,T,P,`situacioninvalidez` IS NULL OR `situacioninvalidez` IN ('N','T','P'),None));Failure;Value: 0.9999585560943264 does not meet the constraint requirement!
Review Check;Error;Error;ComplianceConstraint(Compliance(derechoacrecer contained in N,S,`derechoacrecer` IS NULL OR `derechoacrecer` IN ('N','S'),None));Failure;Value: 0.9999815804863672 does not meet the constraint requirement!
Review Check;Error;Error;ComplianceConstraint(Compliance(derechopension contained in 99,10,20,`derechopension` IS NULL OR `derechopension` IN ('99','10','20'),None));Success;""
Review Check;Error;Error;ComplianceConstraint(Compliance(dvrutbeneficiario contained in 0,1,2,3,4,5,6,7,8,9,K,`dvrutbeneficiario` IS NULL OR `dvrutbeneficiario` IN ('0','1','2','3','4','5','6','7','8','9','K'),None));Failure;Value: 0.9997651512011825 does not meet the constraint requirement!
Review Check;Error;Error;ComplianceConstraint(Compliance(requisitopension contained in 1,2,3,4,5,6,7,8,9,`requisitopension` IS NULL OR `requisitopension` IN ('1','2','3','4','5','6','7','8','9'),None));Failure;Value: 0.45521525504119065 does not meet the constraint requirement!
Review Check;Error;Error;ComplianceConstraint(Compliance(sexo contained in M,F,`sexo` IS NULL OR `sexo` IN ('M','F'),None));Failure;Value: 0.9999631609727345 does not meet the constraint requirement!
Review Check;Error;Error;PatternMatchConstraint(sexo, ^M?$|^F?$);Success;""
Review Check;Error;Error;PatternMatchConstraint(apellidomaterno, ^[A-Za-z\s\#]+$);Failure;Value: 0.9675356072222913 does not meet the constraint requirement!
Review Check;Error;Error;PatternMatchConstraint(apellidopaterno, ^[A-Za-z\s\#]+$);Failure;Value: 0.9683230414300911 does not meet the constraint requirement!
Review Check;Error;Error;PatternMatchConstraint(nombre, ^[A-Za-z\s\#]+$);Failure;Input data does not include column nombre!
Review Check;Error;Error;PatternMatchConstraint(fechanacimiento, ^(19|20)\d{2}-(0[1-9]|1[0-2])-(0[1-9]|[12][0-9]|3[01])$|^NULL$);Failure;Value: 0.9998342243773053 does not meet the constraint requirement!
Review Check;Error;Error;ComplianceConstraint(Compliance(fechainvalidez,fechainvalidez >= '1900-01-01' or fechainvalidez is null,None));Success;""
Review Check;Error;Error;ComplianceConstraint(Compliance(fechafallecimiento,fechafallecimiento >= '1900-01-01' or fechafallecimiento is null,None));Success;""
Review Check;Error;Error;ComplianceConstraint(Compliance(fechanacimientohijomenor,fechanacimientohijomenor >= '1900-01-01' or fechanacimientohijomenor is null,None));Success;""
Review Check;Error;Error;ComplianceConstraint(Compliance(tipobeneficiario contained in 99,10,11,20,21,30,35,41,42,50,51,77,`tipobeneficiario` IS NULL OR `tipobeneficiario` IN ('99','10','11','20','21','30','35','41','42','50','51','77'),None));Failure;Value: 0.45524288431163973 does not meet the constraint requirement!
